﻿<?xml version="1.0" encoding="utf-8"?>
<post>
  <title>How to spot internet scams &amp; fake emails</title>
  <slug>how-to-spot-internet-scams--fake-emails</slug>
  <author></author>
  <pubDate>2017-02-13 19:33:26</pubDate>
  <lastModified>2017-02-13 19:33:26</lastModified>
  <content>&lt;p&gt;Recently I decided to hold a short(ish) staff training session on how to spot internet / email scams. The catalyst behind this, was primarily due to the sheer amount of helpdesk queries being received, pertaining to whether a particular website or email was genuine etc.&lt;/p&gt; &lt;p&gt;Whilst as a department, we have so far successfully evaded any serious disaster resulting from a virus-riddled email etc (e.g. Ransomware) - it was evident that a basic lecture on the subject, with some fundamental tips &amp;amp; tricks, wouldn't go amiss.&lt;/p&gt; &lt;p&gt;We decided to record the session, enabling a wider audience to benefit from the presentation.&lt;/p&gt; &lt;p&gt;Below is the aforementioned lecture (30 mins).&lt;/p&gt; &lt;style&gt;.embed-container { position: relative; padding-bottom: 56.25%; height: 0; overflow: hidden; max-width: 100%; } .embed-container iframe, .embed-container object, .embed-container embed { position: absolute; top: 0; left: 0; width: 100%; height: 100%; }&lt;/style&gt;  &lt;div class="embed-container"&gt;&lt;iframe src="https://www.youtube.com/embed/ykobtxux464" frameborder="0" allowfullscreen&gt;&lt;/iframe&gt;&lt;/div&gt; &lt;h2&gt;Useful Links&lt;/h2&gt; &lt;ul&gt; &lt;li&gt;&lt;a href="https://haveibeenpwned.com/" target="_blank"&gt;Have I Been Pwned&lt;/a&gt;  &lt;li&gt;&lt;a href="https://whois.icann.org/en" target="_blank"&gt;WHOIS Lookup&lt;/a&gt;&lt;/li&gt;&lt;/ul&gt;</content>
  <ispublished>true</ispublished>
  <categories>
    <category>Security</category>
    <category>Video</category>
    <category>Macro</category>
    <category>Cybersecurity</category>
  </categories>
  <comments></comments>
</post>