﻿<?xml version="1.0" encoding="utf-8"?>
<post>
  <title>Creating a Firefly VLE online users feature</title>
  <slug>creating-a-firefly-online-users-feature</slug>
  <author></author>
  <pubDate>2013-12-18 23:44:05</pubDate>
  <lastModified>2013-12-17 23:44:05</lastModified>
  <content>&lt;p&gt;At &lt;a href="http://www.st-marys-shaftesbury.co.uk/" target="_blank"&gt;St Mary's Shaftesbury&lt;/a&gt; we use &lt;a href="http://fireflysolutions.co.uk/" target="_blank"&gt;Firefly&lt;/a&gt; for our &lt;a href="http://en.wikipedia.org/wiki/Virtual_learning_environment" target="_blank"&gt;VLE&lt;/a&gt;.&amp;nbsp; I won’t give you a sales pitch on Firefly, but suffice to say, that after a bit of a journey from &lt;a href="https://moodle.org/" target="_blank"&gt;Moodle&lt;/a&gt; through &lt;a href="http://en.wikipedia.org/wiki/Microsoft_SharePoint" target="_blank"&gt;SharePoint&lt;/a&gt; we have rested at Firefly – quite simply, at this point in time &lt;em&gt;(history has taught me that things can change!), &lt;/em&gt;this product, the company and their approach to IT, is nothing short of excellent.&amp;nbsp; I like Firefly; I like the chaps and chapesses at Firefly!&lt;/p&gt; &lt;p&gt;Apart from having an extremely intelligent approach to the design of their product, they also invite you to “dig” into the system, and do magic things yourself, if you are so inclined – my type of IT product.&lt;/p&gt; &lt;p&gt;Over recent months, we have indeed done a fair bit of customisation, some reasonably advanced and some not so – a lot of this customisation has involved implementing improved integration with our &lt;a href="http://en.wikipedia.org/wiki/Management_information_system" target="_blank"&gt;MIS&lt;/a&gt; system &lt;em&gt;(&lt;/em&gt;&lt;a href="http://www.furlongsolutions.com/products/schoolbase" target="_blank"&gt;&lt;em&gt;Schoolbase&lt;/em&gt;&lt;/a&gt;&lt;em&gt;) – &lt;/em&gt;more on that in future blog posts!&lt;/p&gt; &lt;p&gt;One feature that we did have in our previous SharePoint system, which was surprisingly popular, and in many ways greatly missed – was an “&lt;strong&gt;online users&lt;/strong&gt;” section.&amp;nbsp; So this is how I set about building this into Firefly.  &lt;hr&gt;  &lt;h2&gt;Creating the online users module&lt;/h2&gt; &lt;p&gt;The main intention was to make this feature as portable as possible, without the need to change any core structural feature of Firefly – as such the only area that did require a slight alteration, was to create a &lt;a href="http://technet.microsoft.com/en-us/library/ms190457.aspx" target="_blank"&gt;nonclustered&lt;/a&gt; index on the &lt;strong&gt;Hits&lt;/strong&gt; table, based on a descending date field – this was run past the Firefly team, who agreed that it shouldn’t have any negative impact.  &lt;p&gt;The main reason for this requirement, is that the Hits table is massive &lt;i&gt;(literally millions of rows in our instance) &lt;/i&gt;– and without this index, the performance of the appropriate SQL query would be unacceptable.  &lt;p&gt;&lt;font color="#666666"&gt;&lt;em&gt;Index creation screenshot:&lt;/em&gt;&lt;/font&gt;  &lt;p&gt;&lt;a href="https://normansolutions.co.uk/posts/files/fe4b9026-0650-41be-9671-d2b11347d11d.jpg"&gt;&lt;img title="Index" style="border-top: 0px; border-right: 0px; background-image: none; border-bottom: 0px; padding-top: 0px; padding-left: 0px; border-left: 0px; display: inline; padding-right: 0px" border="0" alt="Index" src="https://normansolutions.co.uk/posts/files/4a3e6841-d3d2-4051-ad2c-a3ff3e4aca36.jpg" width="501" height="449"&gt;&lt;/a&gt;&lt;em&gt;&lt;/em&gt;  &lt;p&gt;&lt;strong&gt;Server Side&lt;/strong&gt;  &lt;p&gt;Once the Hits table was indexed efficiently, the next stage was to create a server side process, which would query the Hits table &lt;i&gt;(and perform any necessary filters to limit the users being displayed – for example not to show any parents who may also be online etc). &lt;/i&gt;This was achieved by creating an aspx page located in a sub folder of the plugins folder on the server &lt;em&gt;(e.g. “Plugins \ ClientASPXFiles \ STMWhoOnline.aspx”).&lt;/em&gt;  &lt;p&gt;&lt;i&gt;&lt;/i&gt; &lt;p&gt;&lt;font color="#333333"&gt;&lt;strong&gt;This aspx page utilises the Firefly security model, so that you cannot browse to it as an unauthorised user etc.&lt;/strong&gt;&lt;/font&gt;  &lt;p&gt;The process reduces the count to show only the latest ten users, ordered by date descending, based on the most recent top 500 rows in the Hits table – because technically it is not known as to how many hit’s an individual user is going to create, and it is impractical to query the entire Hits table, an arbitrary figure of the last 500 hits, gives a good chance of getting at least the last 10 unique users http hits, without causing unnecessary strain on querying the entire table.&lt;/p&gt; &lt;p&gt;&lt;script gitsrc="https://gist.github.com/normansolutions/8299545.js"&gt;&lt;/script&gt;&lt;noscript&gt;&lt;a href="https://gist.github.com/normansolutions/8299545" target="_blank"&gt;Click for code snippet&lt;/a&gt;&lt;/noscript&gt; &lt;/p&gt; &lt;p&gt;The page then uses some basic array and looping procedures to ensure that it is only displaying a single latest instance per user.&lt;/p&gt; &lt;p&gt;&lt;script gitsrc="https://gist.github.com/normansolutions/8299566.js"&gt;&lt;/script&gt;&lt;noscript&gt;&lt;a href="https://gist.github.com/normansolutions/8299566" target="_blank"&gt;Click for code snippet&lt;/a&gt;&lt;/noscript&gt; &lt;/p&gt; &lt;p&gt;The final top ten results are then returned in a &lt;a href="http://en.wikipedia.org/wiki/JSON" target="_blank"&gt;json&lt;/a&gt; format, which can easily be read by a client side script making an ajax call.  &lt;p&gt;&lt;i&gt;&lt;/i&gt; &lt;p&gt;Finally, to make the server side query as efficient as possible, the page is actually set to cache all results every 10 seconds, so that if multiple users are online, the server is not querying unnecessarily &lt;i&gt;(tens of times per second etc) &lt;/i&gt;causing drain on server resources.&lt;/p&gt;&lt;script gitsrc="https://gist.github.com/normansolutions/8299596.js"&gt;&lt;/script&gt;&lt;noscript&gt;&lt;a href="https://gist.github.com/normansolutions/8299596" target="_blank"&gt;Click for code snippet&lt;/a&gt;&lt;/noscript&gt;  &lt;p&gt; &lt;p&gt; &lt;hr&gt;  &lt;p&gt;&lt;strong&gt;Client Side&lt;/strong&gt;  &lt;p&gt;All that is required on the client side, it a small snippet of JavaScript to create an ajax call every 10 seconds, polling the server file &lt;i&gt;(created above)&lt;/i&gt; and then presenting the json returned from this file in a standard html &amp;lt;li&amp;gt; element, with an &amp;lt;a href&amp;gt; hyperlink to the users profile, and a hover tooltip displaying the actual date/time of the most recent “hit”.  &lt;p&gt;This JavaScript is placed by literally adding a Firefly formatted text component, and then using the code editor – copying in the JavaScript.&lt;/p&gt; &lt;p&gt;&lt;script gitsrc="https://gist.github.com/normansolutions/8299614.js"&gt;&lt;/script&gt;&lt;noscript&gt;&lt;a href="https://gist.github.com/normansolutions/8299614" target="_blank"&gt;Click for code snippet&lt;/a&gt;&lt;/noscript&gt; &lt;/p&gt; &lt;p&gt; &lt;hr&gt;  &lt;h2&gt;Conclusion&lt;/h2&gt; &lt;p&gt;This process works remarkably well, and when using an SQL profiler, with the query reduced to only take the top 500 hits and the utilising of caching, the SQL load is exceptionally efficient.  &lt;p&gt;Technically, there is a theory that by only querying the last 500 hits, you cannot be scientifically absolute in stating that you are getting all the last top ten individual users &lt;i&gt;(e.g. one user may clock up 300 hits by themselves etc),&lt;/i&gt; but in our tests, this proved to be more than adequate and indeed does always appears to show the most recent top ten.  &lt;p&gt;&amp;nbsp; &lt;p&gt;&lt;a href="https://normansolutions.co.uk/posts/files/2b26a9c4-6c9d-47b1-af6d-34a4725c0b99.jpg"&gt;&lt;img title="Online" style="border-top: 0px; border-right: 0px; background-image: none; border-bottom: 0px; padding-top: 0px; padding-left: 0px; border-left: 0px; display: inline; padding-right: 0px" border="0" alt="Online" src="https://normansolutions.co.uk/posts/files/8ce9cbd4-a3a8-442f-b89f-5a189b412460.jpg" width="244" height="238"&gt;&lt;/a&gt;  &lt;p&gt;As an addition, I have also adjusted our query accordingly to create other “&lt;em&gt;more secure&lt;/em&gt;” pages, for administrative purposes only, to establish currently logged on parents etc – this was in many ways more enlightening from an IT perspective, than the knowledge of the school users – indeed we were quite astonished to establish, that there were parents logged onto the portal almost constantly!&lt;/p&gt;</content>
  <ispublished>true</ispublished>
  <categories>
    <category>Website</category>
    <category>Firefly</category>
    <category>VLE</category>
    <category>C#</category>
    <category>JavaScript</category>
    <category>Ajax</category>
  </categories>
  <comments></comments>
</post>