﻿<?xml version="1.0" encoding="utf-8"?>
<post>
  <title>Power BI + iSAMS API</title>
  <slug>powerbi-and-isams-api</slug>
  <pubDate>2020-02-19T17:31:17.365Z</pubDate>
  <lastModified>2020-02-23T17:40:11.412Z</lastModified>
  <excerpt>Like many people, I've tinkered with Power BI over the years but have never really dug deep into the weeds; the same can also be said for the iSAMS REST API. So recently I thought why not combine these two systems and see what can be achieved?</excerpt>
  <content>&lt;p&gt;Like many people, I've tinkered with Power BI over the years but have never really dug deep into the weeds; the same can also be said for the iSAMS REST API. So recently I thought why not combine these two systems and see what can be achieved?&lt;/p&gt;
&lt;p&gt;It transpires a fair amount, albeit with a few initial gotchas. So I decided to write a blog post detailing the process, if nothing else to serve as a tutorial to my future self!&lt;/p&gt;
&lt;p&gt;&lt;a href="https://powerbi.microsoft.com/en-us/desktop/" target="_blank" rel="noopener"&gt;Power BI Desktop&lt;/a&gt; is the product required &lt;em&gt;(as against Power BI Online)&lt;/em&gt; - limitations in data connection options being the primary reason.&lt;/p&gt;
&lt;p&gt;&lt;img style="border-style: solid; border-width: 1px;" src="../../Posts/files/GetData_637177867209747085.PNG" alt="GetData.PNG" width="291" height="186" /&gt;&lt;/p&gt;
&lt;p&gt;&lt;strong&gt;Overview of stages with each system, used in my example.&lt;/strong&gt;&lt;/p&gt;
&lt;h2&gt;iSAMS REST API Process&lt;/h2&gt;
&lt;ul&gt;
&lt;li&gt;Register for API access with iSAMS.&lt;/li&gt;
&lt;li&gt;Use client connection details &lt;em&gt;(provided by iSAMS)&lt;/em&gt; to connect to the iSAMS API endpoint.&lt;/li&gt;
&lt;li&gt;This initial request will return a token (which as I understand lasts for 1 hour).&lt;/li&gt;
&lt;li&gt;Use this token to make subsequent requests to the iSAMS API endpoints as required.&lt;/li&gt;
&lt;li&gt;Retrieve data.&lt;/li&gt;
&lt;/ul&gt;
&lt;h2&gt;Power BI Process&lt;/h2&gt;
&lt;ul&gt;
&lt;li&gt;Connect to the iSAMS API.&lt;/li&gt;
&lt;li&gt;Retrieve data &lt;em&gt;(more on this later - especially if your results exceed 100 rows)&lt;/em&gt;.&lt;/li&gt;
&lt;li&gt;Create a graph using returned data, sorted by month.&lt;/li&gt;
&lt;/ul&gt;
&lt;blockquote&gt;
&lt;p&gt;At this stage, it's worth noting that the purpose of this blog post isn't to demonstrate all options available in Power BI (or indeed the iSAMS API). I should also register that this is just my journey and is not designed to be an official prescribed method - in short , no guarantees.&lt;/p&gt;
&lt;/blockquote&gt;
&lt;p&gt;Underlying Power BI is a &lt;a title="Power Query Language" href="https://docs.microsoft.com/en-us/powerquery-m/" target="_blank" rel="noopener"&gt;Power Query Language (called "&lt;strong&gt;M&lt;/strong&gt;")&lt;/a&gt;. This is an imperative style language that allows you to transform and manipulate data in a staged process. For example, you may wish to take some "date" style data, extract just the month part, and then convert that month into a two digit numerical value etc. In other-words, each stage is a process represented by the Power Query Language (hereafter known as "M"). This process manipulation is essential when dealing with data from iSAMS, if nothing else in order to convert returned JSON data to workable tables.&lt;/p&gt;
&lt;p&gt;Interestingly you can also put functions within your "&lt;strong&gt;M&lt;/strong&gt;" code, which is ideal when you wish to connect to the &lt;a title="iSAMS API" href="https://developerdemo.isams.cloud/Main/swagger/ui/index" target="_blank" rel="noopener"&gt;iSAMS API&lt;/a&gt; endpoint.&lt;/p&gt;
&lt;p&gt;So "M" is your friend when it comes to seamless connection to the iSAMS API and extraction of data.&lt;/p&gt;
&lt;p&gt;In order to proceed with Power BI you must connect to a data source. I found connection to the ISAMS API is best done directly within the "M" code &lt;em&gt;(as hinted prior)&lt;/em&gt;. My suggestion is to just select the "Blank Query" option and use the "Advanced Editor".&lt;/p&gt;
&lt;p&gt;&lt;img style="border-style: solid; border-width: 1px;" src="../../Posts/files/ConnectFromScratch_637177867209819872.png" alt="ConnectFromScratch.png" width="377" height="411" /&gt;&lt;/p&gt;
&lt;p&gt;&lt;img style="border-style: solid; border-width: 1px;" src="../../Posts/files/Editor_637177870080426276.png" alt="Editor.png" width="228" height="179" /&gt;&lt;/p&gt;
&lt;p&gt;&lt;em&gt;(example code including connection syntax can be viewed below this post)&lt;/em&gt;&lt;/p&gt;
&lt;p&gt;It's worth noting that in my code example, I've utilised Power BI's ability to create Parameters rather than hard-code connection details; creation of Parameters within Power BI is well &lt;a href="https://powerbi.microsoft.com/en-us/blog/deep-dive-into-query-parameters-and-power-bi-templates/" target="_blank" rel="noopener"&gt;documented online&lt;/a&gt;.&lt;/p&gt;
&lt;h2&gt;Three parameters created as follows:&lt;/h2&gt;
&lt;ul&gt;
&lt;li&gt;ClientURLParameter&lt;/li&gt;
&lt;li&gt;ClientIDParameter&lt;/li&gt;
&lt;li&gt;ClientSecretParameter&lt;/li&gt;
&lt;/ul&gt;
&lt;p&gt;&lt;img style="border-style: solid; border-width: 1px; margin-left: 25px; margin-right: 25px;" src="../../Posts/files/Parameters_637177870080439722.PNG" alt="Parameters.PNG" width="181" height="158" /&gt;&lt;/p&gt;
&lt;hr /&gt;
&lt;p&gt;Once connected, what soon became apparent was the number of viewable records were limited to 100. It appeared you had to "page" through to the following 100 records etc. I'm not entirely sure whether this is a throttling restriction of the iSAMS API or functionality within Power BI.&lt;/p&gt;
&lt;p&gt;Of course this isn't necessarily a problem for fundamental record data viewing, but when you wish to compose a graph, it is - your graph only displays information based on the first 100 records, which isn't ideal!&lt;/p&gt;
&lt;p&gt;After a little research, I was able to compose a query which returned the total number of pages in the entire result, and then use this value to perform an "each" loop incrementing through all pages grabbing data as required. In essence the query runs several times &lt;em&gt;(total number of pages, to be exact)&lt;/em&gt; merging the data from each returned result.&lt;/p&gt;
&lt;p&gt;So I now had a query that connected to the iSAMS API &lt;em&gt;(by grabbing an authorised token)&lt;/em&gt; and extracting all data as required.&lt;/p&gt;
&lt;hr /&gt;
&lt;p&gt;The next stage was to convert the returned data into a workable table format and rename columns as appropriate. In addition, for this specific example &lt;em&gt;(I was intending to create a graph of current pupils by enrolment month)&lt;/em&gt; it was also evident that in order to sort by calendar month on the graph, I needed to extract the month only part of the enrolment date field.&lt;/p&gt;
&lt;p&gt;There are numerous well documented examples of field manipulation online using "M" so I shan't re-invent the wheel here; however in my sample code, I've included these processes under the &lt;span style="color: #339966;"&gt;Transformations&lt;/span&gt; comment and named each process appropriately &lt;em&gt;(e.g. &lt;strong&gt;ExtractedMonth&lt;/strong&gt; and &lt;strong&gt;ChangeMonthOrderType&lt;/strong&gt; etc).&lt;/em&gt;&lt;/p&gt;
&lt;p&gt;To a large extent the process was now complete in terms of connection, data extraction and column manipulation. All I needed now was a nice pretty bar chart.&lt;/p&gt;
&lt;p&gt;Creation of the graph was pretty straight-forward &lt;em&gt;(as you would expect)&lt;/em&gt; with one exception; the ordering of monthly names was incorrect in terms of order within the year &lt;em&gt;(e.g. Jan, Feb, March etc)&lt;/em&gt;. Because you can't order by a field not used on a report, there didn't seem to be an obvious cure and I nearly resulted in just using a numerical representation of month. However it transpires that if you populate the "tooltip" field on the graph, this also becomes a field you can utilise for sorting - in effect allowing you to sort on a hidden field.&lt;/p&gt;
&lt;p&gt;&lt;img style="border-style: solid; border-width: 1px;" src="../../Posts/files/Tooltip_637177870080448946.PNG" alt="Tooltip.PNG" width="239" height="511" /&gt;&lt;/p&gt;
&lt;p&gt;The result was a graph of all current pupils by enrollment month, sorted in the correct monthly order, displaying user friendly month names.&lt;/p&gt;
&lt;p&gt;&lt;img style="border-style: solid; border-width: 1px;" src="../../Posts/files/Graph_637179069700956395.PNG" alt="Graph.PNG" width="571" height="281" /&gt;&lt;/p&gt;
&lt;p&gt;&lt;em&gt;(sample code below)&lt;/em&gt;&lt;/p&gt;
&lt;hr /&gt;
&lt;p&gt;&amp;nbsp;&lt;/p&gt;
&lt;h5&gt;&lt;code&gt;&lt;/code&gt;&lt;/h5&gt;
&lt;h5&gt;&lt;code&gt;let&lt;/code&gt;&lt;/h5&gt;
&lt;h5&gt;&lt;span style="color: #339966;"&gt;&lt;code&gt;//Parameters&lt;/code&gt;&lt;/span&gt;&lt;/h5&gt;
&lt;h5&gt;&lt;code&gt;&amp;nbsp; &amp;nbsp; ClientURL = ClientURLParamter,&lt;/code&gt;&lt;/h5&gt;
&lt;h5&gt;&lt;code&gt;&amp;nbsp; &amp;nbsp; ClientID = ClientIDParameter,&lt;/code&gt;&lt;/h5&gt;
&lt;h5&gt;&lt;code&gt;&amp;nbsp; &amp;nbsp; ClientSecret = ClientSecretParameter,&lt;/code&gt;&lt;/h5&gt;
&lt;h5&gt;&lt;span style="color: #339966;"&gt;&lt;code&gt;//Variables&lt;/code&gt;&lt;/span&gt;&lt;/h5&gt;
&lt;h5&gt;&lt;code&gt;&amp;nbsp; &amp;nbsp; TokenUrl = "https://" &amp;amp; ClientURL &amp;amp; ".isams.cloud/auth/connect/token",&lt;/code&gt;&lt;/h5&gt;
&lt;h5&gt;&lt;code&gt;&amp;nbsp; &amp;nbsp; TokenSecretRaw = "client_id=" &amp;amp; ClientID &amp;amp; "&amp;amp;client_secret=" &amp;amp; ClientSecret &amp;amp; "&amp;amp;grant_type=client_credentials&amp;amp;scope=restapi",&lt;/code&gt;&lt;/h5&gt;
&lt;h5&gt;&lt;code&gt;&amp;nbsp; &amp;nbsp; BaseUrl = "https://" &amp;amp; ClientURL &amp;amp; ".isams.cloud/api/students",&lt;/code&gt;&lt;/h5&gt;
&lt;h5&gt;&lt;code&gt;&lt;/code&gt;&lt;/h5&gt;
&lt;h5&gt;&lt;span style="color: #339966;"&gt;&lt;code&gt;//Functions&lt;/code&gt;&lt;/span&gt;&lt;/h5&gt;
&lt;h5&gt;&lt;code&gt;&amp;nbsp; &amp;nbsp; GetToken = () =&amp;gt;&lt;/code&gt;&lt;code&gt;&lt;/code&gt;&lt;/h5&gt;
&lt;h5&gt;&lt;code&gt;&amp;nbsp; &amp;nbsp; let&lt;/code&gt;&lt;/h5&gt;
&lt;h5&gt;&lt;code&gt;&amp;nbsp; &amp;nbsp; &amp;nbsp; &amp;nbsp; &amp;nbsp; &amp;nbsp; TokenOpions = [Headers = [#"Content-Type"="application/x-www-form-urlencoded"], Content = Text.ToBinary(TokenSecretRaw) ],&lt;/code&gt;&lt;/h5&gt;
&lt;h5&gt;&lt;code&gt;&amp;nbsp; &amp;nbsp; &amp;nbsp; &amp;nbsp; &amp;nbsp; &amp;nbsp; TokenRawData = Web.Contents(TokenUrl, TokenOpions),&lt;/code&gt;&lt;/h5&gt;
&lt;h5&gt;&lt;code&gt;&amp;nbsp; &amp;nbsp; &amp;nbsp; &amp;nbsp; &amp;nbsp; &amp;nbsp; TokenJson = Json.Document(TokenRawData),&lt;/code&gt;&lt;/h5&gt;
&lt;h5&gt;&lt;code&gt;&amp;nbsp; &amp;nbsp; &amp;nbsp; &amp;nbsp; &amp;nbsp; &amp;nbsp; GetAccessTokenTable = Record.ToTable(TokenJson),&lt;/code&gt;&lt;/h5&gt;
&lt;h5&gt;&lt;code&gt;&amp;nbsp; &amp;nbsp; &amp;nbsp; &amp;nbsp; &amp;nbsp; &amp;nbsp; ReturnToken = GetAccessTokenTable{0}[Value]&amp;nbsp; &amp;nbsp; &amp;nbsp; &amp;nbsp;&lt;/code&gt;&lt;/h5&gt;
&lt;h5&gt;&lt;code&gt;&amp;nbsp; &amp;nbsp; &amp;nbsp; &amp;nbsp; in&amp;nbsp; ReturnToken,&lt;/code&gt;&lt;/h5&gt;
&lt;h5&gt;&lt;code&gt;&lt;/code&gt;&lt;code&gt;&lt;/code&gt;&lt;code&gt;&amp;nbsp; &amp;nbsp; GetJson = (Url) =&amp;gt;&lt;/code&gt;&lt;/h5&gt;
&lt;h5&gt;&lt;code&gt;&amp;nbsp; &amp;nbsp; &amp;nbsp; &amp;nbsp; let&lt;/code&gt;&lt;/h5&gt;
&lt;h5&gt;&lt;code&gt;&amp;nbsp; &amp;nbsp; &amp;nbsp; &amp;nbsp; &amp;nbsp; &amp;nbsp; Options = [Headers=[ #"Authorization" = "Bearer " &amp;amp; GetToken() ]],&lt;/code&gt;&lt;/h5&gt;
&lt;h5&gt;&lt;code&gt;&amp;nbsp; &amp;nbsp; &amp;nbsp; &amp;nbsp; &amp;nbsp; &amp;nbsp; RawData = Web.Contents(Url, Options),&lt;/code&gt;&lt;/h5&gt;
&lt;h5&gt;&lt;code&gt;&amp;nbsp; &amp;nbsp; &amp;nbsp; &amp;nbsp; &amp;nbsp; &amp;nbsp; Json = Json.Document(RawData)&lt;/code&gt;&lt;/h5&gt;
&lt;h5&gt;&lt;code&gt;&amp;nbsp; &amp;nbsp; &amp;nbsp; &amp;nbsp; in&amp;nbsp; Json,&lt;/code&gt;&lt;/h5&gt;
&lt;h5&gt;&lt;code&gt;&amp;nbsp; &amp;nbsp; GetPageTotal = () =&amp;gt;&lt;/code&gt;&lt;/h5&gt;
&lt;h5&gt;&lt;code&gt;&amp;nbsp; &amp;nbsp; &amp;nbsp; &amp;nbsp; let&lt;/code&gt;&lt;/h5&gt;
&lt;h5&gt;&lt;code&gt;&amp;nbsp; &amp;nbsp; &amp;nbsp; &amp;nbsp; &amp;nbsp; &amp;nbsp; Url = BaseUrl,&lt;/code&gt;&lt;/h5&gt;
&lt;h5&gt;&lt;code&gt;&amp;nbsp; &amp;nbsp; &amp;nbsp; &amp;nbsp; &amp;nbsp; &amp;nbsp; Json = GetJson(Url),&lt;/code&gt;&lt;/h5&gt;
&lt;h5&gt;&lt;code&gt;&amp;nbsp; &amp;nbsp; &amp;nbsp; &amp;nbsp; &amp;nbsp; &amp;nbsp; PageTable = Record.ToTable(Json),&lt;/code&gt;&lt;/h5&gt;
&lt;h5&gt;&lt;code&gt;&amp;nbsp; &amp;nbsp; &amp;nbsp; &amp;nbsp; &amp;nbsp; &amp;nbsp; ReturnPage = PageTable{4}[Value]&amp;nbsp;&lt;/code&gt;&lt;/h5&gt;
&lt;h5&gt;&lt;code&gt;&amp;nbsp; &amp;nbsp; &amp;nbsp; &amp;nbsp; in&amp;nbsp; ReturnPage,&lt;/code&gt;&lt;code&gt;&lt;/code&gt;&lt;/h5&gt;
&lt;h5&gt;&lt;code&gt;&amp;nbsp; &amp;nbsp; GetPage = (Index) =&amp;gt;&lt;/code&gt;&lt;/h5&gt;
&lt;h5&gt;&lt;code&gt;&amp;nbsp; &amp;nbsp; &amp;nbsp; &amp;nbsp; let&lt;/code&gt;&lt;/h5&gt;
&lt;h5&gt;&lt;code&gt;&amp;nbsp; &amp;nbsp; &amp;nbsp; &amp;nbsp; &amp;nbsp; &amp;nbsp; Url = BaseUrl &amp;amp; "?page=" &amp;amp; Number.ToText(Index),&lt;/code&gt;&lt;/h5&gt;
&lt;h5&gt;&lt;code&gt;&amp;nbsp; &amp;nbsp; &amp;nbsp; &amp;nbsp; &amp;nbsp; &amp;nbsp; Json = GetJson(Url),&lt;/code&gt;&lt;/h5&gt;
&lt;h5&gt;&lt;code&gt;&amp;nbsp; &amp;nbsp; &amp;nbsp; &amp;nbsp; &amp;nbsp; &amp;nbsp; Value = Json[#"students"]&lt;/code&gt;&lt;/h5&gt;
&lt;h5&gt;&lt;code&gt;&amp;nbsp; &amp;nbsp; &amp;nbsp; &amp;nbsp; in&amp;nbsp; Value,&lt;/code&gt;&lt;/h5&gt;
&lt;h5&gt;&lt;span style="color: #339966;"&gt;&lt;code&gt;//Transformations&lt;/code&gt;&lt;/span&gt;&lt;/h5&gt;
&lt;h5&gt;&lt;code&gt;&amp;nbsp; &amp;nbsp; PageIndices = { 0 .. GetPageTotal()},&lt;/code&gt;&lt;/h5&gt;
&lt;h5&gt;&lt;code&gt;&amp;nbsp; &amp;nbsp; Pages = List.Transform(PageIndices, each GetPage(_)),&lt;/code&gt;&lt;/h5&gt;
&lt;h5&gt;&lt;code&gt;&amp;nbsp; &amp;nbsp; Entities = List.Union(Pages),&lt;/code&gt;&lt;/h5&gt;
&lt;h5&gt;&lt;code&gt;&amp;nbsp; &amp;nbsp; TableOfEntities = Table.FromList(Entities, Splitter.SplitByNothing(), null, null, ExtraValues.Error),&lt;/code&gt;&lt;/h5&gt;
&lt;h5&gt;&lt;code&gt;&amp;nbsp; &amp;nbsp; ExpandedColumns = Table.ExpandRecordColumn(TableOfEntities, "Column1", {"academicHouse", "fullName", "personGuid","enrolmentDate"}),&lt;/code&gt;&lt;/h5&gt;
&lt;h5&gt;&lt;code&gt;&amp;nbsp; &amp;nbsp; RenamedColumns = Table.RenameColumns(ExpandedColumns,{{"academicHouse", "Academic House"}}),&lt;/code&gt;&lt;/h5&gt;
&lt;h5&gt;&lt;code&gt;&amp;nbsp; &amp;nbsp; ChangedDateType = Table.TransformColumnTypes(RenamedColumns,{{"enrolmentDate", type date}}),&lt;/code&gt;&lt;/h5&gt;
&lt;h5&gt;&lt;code&gt;&amp;nbsp; &amp;nbsp; ExtractedMonth = Table.AddColumn(ChangedDateType, "Month", each Date.ToText([enrolmentDate], "MMM"), type text),&lt;/code&gt;&lt;/h5&gt;
&lt;h5&gt;&lt;code&gt;&amp;nbsp; &amp;nbsp; ChangeMonthOrderType = Table.AddColumn(ExtractedMonth, "NumericalMonth", each Date.Month([enrolmentDate]), Int64.Type),&lt;/code&gt;&lt;/h5&gt;
&lt;h5&gt;&lt;code&gt;&amp;nbsp; &amp;nbsp; SortByMonth = Table.Sort(ChangeMonthOrderType,{{"NumericalMonth", Order.Ascending}}),&lt;/code&gt;&lt;/h5&gt;
&lt;h5&gt;&lt;code&gt;&amp;nbsp; &amp;nbsp; FinalData = Table.AddColumn(SortByMonth, "Order Month", each Text.PadStart(Text.From([NumericalMonth]),2,"0"))&lt;/code&gt;&lt;/h5&gt;
&lt;h5&gt;&lt;code&gt;in&lt;/code&gt;&lt;/h5&gt;
&lt;h5&gt;&lt;code&gt;&amp;nbsp; &amp;nbsp; FinalData&lt;/code&gt;&lt;/h5&gt;</content>
  <ispublished>true</ispublished>
  <categories>
    <category>isams</category>
    <category>powerbi</category>
    <category>database</category>
    <category>sql</category>
    <category>mis</category>
  </categories>
  <comments></comments>
</post>