﻿<?xml version="1.0" encoding="utf-8"?>
<post>
  <title>To CMS or not to CMS?</title>
  <slug>to-cms-or-not-to-cms</slug>
  <author></author>
  <pubDate>2013-12-13 22:44:12</pubDate>
  <lastModified>2013-12-13 22:44:12</lastModified>
  <content>&lt;p&gt;OK, the time has come for a website refresh – it’s something that I like to try and do annually &lt;em&gt;(well, I say annually, what I really mean is that I did it last year). &lt;/em&gt;The question, is do I roll my own, as I have always done, or jump into the CMS world?&lt;/p&gt;&lt;p&gt;There are many CMS systems out there, and I have had a used several of them (varying levels of experience); to summarise:  &lt;ul&gt; &lt;li&gt;&lt;a href="http://wordpress.com/"&gt;Wordpress&lt;/a&gt; &lt;em&gt;(I have built a few sites, but never really felt totally “at home” with php)&lt;/em&gt;  &lt;li&gt;&lt;a href="http://umbraco.com/"&gt;Umbraco&lt;/a&gt; &lt;em&gt;(I love it, but it is a pretty huge system)&lt;/em&gt;  &lt;li&gt;&lt;a href="http://www.orchardproject.net/"&gt;Orchard&lt;/a&gt; &lt;em&gt;(again, I love it, but it is pretty heavyweight)&lt;/em&gt;  &lt;li&gt;&lt;a href="https://ghost.org/"&gt;Ghost&lt;/a&gt; &lt;em&gt;(new kid on the block – tempting, it would be a nice introduction to some &lt;a href="http://nodejs.org/"&gt;nodejs&lt;/a&gt;, which I really want to learn more about)&lt;/em&gt;  &lt;li&gt;&lt;a href="https://github.com/madskristensen/miniblog"&gt;Miniblog&lt;/a&gt; &lt;em&gt;(another new kid on the block, from the genius that is &lt;/em&gt;&lt;a href="http://madskristensen.net/"&gt;&lt;em&gt;Mads Kristensen&lt;/em&gt;&lt;/a&gt;&lt;em&gt;; a minimalistic blogging platform)&lt;/em&gt;&lt;/li&gt;&lt;/ul&gt; &lt;p&gt;To be honest, the list could go on; but the question really was, do I use a CMS or not?  &lt;p&gt;I heard about &lt;a href="https://github.com/madskristensen/miniblog"&gt;Miniblog&lt;/a&gt; after listening to an excellent &lt;a href="http://www.dotnetrocks.com/default.aspx?ShowNum=927"&gt;Dot Net Rocks show with Mads&lt;/a&gt;, and it caught my interest.&amp;nbsp; Let’s be straight, I am &lt;u&gt;not&lt;/u&gt; a coding genius, however, I do have what I believe to me an excellent understanding of modern patterns and practices, and can spot a well written &lt;em&gt;(or not, as the case may be) &lt;/em&gt;system.&amp;nbsp; I am impressed with Miniblog.  &lt;p&gt;It took me a few hours looking through the code and following the work flows to fully understand how it all hangs together – but what I saw was a really neat piece of work that utilised modern HTML practices and decent caching &lt;em&gt;(and cache-busting!&lt;/em&gt;) – it sits on top of &lt;a href="http://getbootstrap.com/"&gt;Bootstrap 3&lt;/a&gt;, so has all the wonderful responsive design juice and goodness provided with that framework; to be honest the list is impressive and is better checked out from the &lt;a href="https://github.com/madskristensen/MiniBlog/blob/master/README.md"&gt;readme&lt;/a&gt; file.  &lt;p&gt;I did find I had to tweak a few bits and bobs, some out of necessity and some out of preference.&amp;nbsp; One main necessity issue was with the paging, for some strange reason the paging, which allows you to go back and forth between posts, stopped too early, thus not allowing you to go back to the last few posts.&amp;nbsp; For good or ill, I managed to resolve this by changing the below in the&amp;nbsp; _Layout.cshtml:&lt;/p&gt; &lt;p&gt;&lt;script gitsrc="https://gist.github.com/normansolutions/8299955.js"&gt;&lt;/script&gt;&lt;noscript&gt;&lt;a href="https://gist.github.com/normansolutions/8299955" target="_blank"&gt;Click for code snippet&lt;/a&gt;&lt;/noscript&gt; &lt;/p&gt; &lt;p&gt;to&lt;/p&gt;&lt;p&gt;&lt;script gitsrc="https://gist.github.com/normansolutions/8299967.js"&gt;&lt;/script&gt;&lt;noscript&gt;&lt;a href="https://gist.github.com/normansolutions/8299967" target="_blank"&gt;Click for code snippet&lt;/a&gt;&lt;/noscript&gt; &lt;/p&gt; &lt;p&gt;Other issues were more out of preference; for example, I am a stickler for cdn fall-backs, and whilst it is great that Miniblog utilises the &lt;a href="http://www.bootstrapcdn.com/"&gt;Bootstrap cdn&lt;/a&gt; (and &lt;a href="https://developers.google.com/speed/libraries/devguide"&gt;jQuery&lt;/a&gt;), I just had to implement a fall-back.&amp;nbsp; This was achieved with a small amount of JavaScript (and HTML) as below:&lt;/p&gt; &lt;p&gt;&lt;script gitsrc="https://gist.github.com/normansolutions/8300020.js"&gt;&lt;/script&gt;&lt;noscript&gt;&lt;a href="https://gist.github.com/normansolutions/8300020" target="_blank"&gt;Click for code snippet&lt;/a&gt;&lt;/noscript&gt; &lt;/p&gt; &lt;p&gt;Other preferences were alteration of styling &lt;em&gt;(overriding some Bootstrap classes, adding tweet buttons to the bottom of posts etc) &lt;/em&gt;and the implementation of a “recent” articles option, on the navigation bar, this was achieved using the below code:&lt;/p&gt; &lt;p&gt;&lt;script gitsrc="https://gist.github.com/normansolutions/8300037.js"&gt;&lt;/script&gt;&lt;noscript&gt;&lt;a href="https://gist.github.com/normansolutions/8300037" target="_blank"&gt;Click for code snippet&lt;/a&gt;&lt;/noscript&gt; &lt;/p&gt; &lt;p&gt;Add some &lt;a href="http://lesscss.org/"&gt;Less CSS&lt;/a&gt; support and use the bundling options of &lt;a href="http://vswebessentials.com/"&gt;Web Essentials&lt;/a&gt;&amp;nbsp;&lt;em&gt;(again from Mads Kristensen) &lt;/em&gt;and away you go!  &lt;p&gt;So far, I am really impressed with Miniblog – it has been a bit of a journey over the past few days, getting to grips with it all, but I am look forward to blogging more in the future!  &lt;p&gt;…….and the best part, is that I can use &lt;a href="http://en.wikipedia.org/wiki/Windows_Live_Writer"&gt;Windows Live Writer&lt;/a&gt; to create blogs – it fully integrates….no hacking away in a webpage….lovely!&lt;/p&gt;</content>
  <ispublished>true</ispublished>
  <categories>
    <category>Website</category>
    <category>Blog</category>
    <category>CMS</category>
    <category>Razor</category>
    <category>C#</category>
  </categories>
  <comments></comments>
</post>