﻿<?xml version="1.0" encoding="utf-8"?>
<post>
  <title>A blend of style and performance</title>
  <slug>a-blend-of-style-and-performance</slug>
  <author></author>
  <pubDate>2015-04-06 11:56:06</pubDate>
  <lastModified>2015-04-06 11:56:06</lastModified>
  <content>&lt;p&gt;Recently, I had the privilege of designing and building the Wylye Valley Art Trail website.&amp;nbsp; The 2015 trail consists of &lt;strong&gt;75&lt;/strong&gt; venues, and in-excess of &lt;strong&gt;300&lt;/strong&gt; artists – I’m sure you’ll agree, that’s a reasonable size!&lt;/p&gt; &lt;p&gt;In many ways, the website had to embrace an “&lt;strong&gt;all things, to all people&lt;/strong&gt;” approach; the content needed to include artist images, alongside an array of useful information pertaining to each venue &lt;em&gt;(e.g. opening times, contact details, map displays, artist information, access arrangements etc).&lt;/em&gt;&lt;/p&gt; &lt;blockquote&gt; &lt;p&gt;&lt;em&gt;There was also a fair amount of inconsistency between venues, which needed to be catered for – “square peg, round hole” was a common theme.&lt;/em&gt;&lt;/p&gt;&lt;/blockquote&gt; &lt;p&gt;Personally, I felt a &lt;a href="http://en.wikipedia.org/wiki/Content_management_system" target="_blank"&gt;CMS&lt;/a&gt; &lt;strong&gt;wasn’t&lt;/strong&gt; the best option &lt;em&gt;(too much cruft &amp;amp; bloat).&lt;/em&gt;&amp;nbsp; As such I hand-coded the entire project, from the data entry screens through to the final website.&amp;nbsp; Whilst this was a lot more work from a “coding” perspective, it enabled me to remain in complete control over “&lt;em&gt;bits&lt;/em&gt;” being sent across the wire - so to speak.&lt;/p&gt; &lt;p&gt; &lt;hr&gt;   &lt;h2&gt;Style&lt;/h2&gt; &lt;p&gt;For style, I leant towards &lt;a href="http://www.google.com/design/spec/material-design/introduction.html" target="_blank"&gt;Google’s Material Design&lt;/a&gt; guide and icononography – it seemed to be appropriate for creating a slick, functional &amp;amp; informative website, yet leaving enough room for artistic display.&lt;/p&gt; &lt;h2&gt;Performance&lt;/h2&gt; &lt;p&gt;Underlying all the design and information details, was an &lt;em&gt;absolute&lt;/em&gt; requirement to maintain a top browsing performance - image based websites and performance, don’t always go hand in hand!&lt;/p&gt; &lt;h2&gt;Getting The Right Blend&lt;/h2&gt; &lt;p&gt;By utilising many modern tips and techniques, I was able to not only create what I believe, to be a very functional and useable website, but one that also scored highly from a performance aspect, without a sacrifice on aesthetics.&lt;/p&gt; &lt;p&gt;To substantiate this, below are a couple of &lt;a href="http://yslow.org/" target="_blank"&gt;YSlow&lt;/a&gt; screen shots.&lt;/p&gt; &lt;p&gt;The first clearly indicates an overall &lt;strong&gt;Grade A&lt;/strong&gt; score &lt;em&gt;(I was well chuffed with that &lt;img class="wlEmoticon wlEmoticon-smile" style="border-top-style: none; border-bottom-style: none; border-right-style: none; border-left-style: none" alt="Smile" src="https://normansolutions.co.uk/posts/files/d22107bf-ad03-44d9-ac0d-8f3394002985.png"&gt;),&lt;/em&gt; whilst the other shows initial home page weight, alongside the &lt;strong&gt;much reduced&lt;/strong&gt; “&lt;em&gt;cached&lt;/em&gt;” page weight.&lt;/p&gt; &lt;p&gt;&lt;a href="https://normansolutions.co.uk/posts/files/52c255c4-39da-4112-9f69-06d0fbb2e73e.png"&gt;&lt;img title="Stat1" style="border-top: 0px; border-right: 0px; background-image: none; border-bottom: 0px; padding-top: 0px; padding-left: 0px; border-left: 0px; display: inline; padding-right: 0px" border="0" alt="Stat1" src="https://normansolutions.co.uk/posts/files/5ab3a190-b6e7-4c80-92be-2c823b0ed674.png" width="315" height="252"&gt;&lt;/a&gt;&lt;/p&gt; &lt;p&gt;&amp;nbsp;&lt;/p&gt; &lt;p&gt;&lt;a href="https://normansolutions.co.uk/posts/files/1cbb6af0-a16f-453c-8b4c-0e9bbca067fe.png"&gt;&lt;img title="Stat2" style="border-top: 0px; border-right: 0px; background-image: none; border-bottom: 0px; padding-top: 0px; padding-left: 0px; border-left: 0px; display: inline; padding-right: 0px" border="0" alt="Stat2" src="https://normansolutions.co.uk/posts/files/8441e694-4c61-4add-afd5-b264bfe9f6f6.png" width="520" height="193"&gt;&lt;/a&gt;&lt;/p&gt; &lt;hr&gt;  &lt;p&gt;&lt;strong&gt;At the time of posting, I feel I have utilised a lot of good modern practice – however, I have little doubt that in 18 months time, this will be seen as “&lt;em&gt;so last year&lt;/em&gt;” - but isn’t that why we love this industry?&lt;/strong&gt;&lt;/p&gt; &lt;hr&gt;  &lt;p&gt;&lt;strong&gt;&lt;/strong&gt;&amp;nbsp;&lt;/p&gt; &lt;h2&gt;&lt;u&gt;Summary of technologies &amp;amp; processes&lt;/u&gt;&lt;/h2&gt; &lt;h2&gt;Stack&lt;/h2&gt; &lt;ul&gt; &lt;li&gt;&lt;a href="https://msdn.microsoft.com/en-us/library/bb500435.aspx" target="_blank"&gt;SQL 2014&lt;/a&gt; Database  &lt;li&gt;ASP.NET 4.5 &lt;a href="http://www.asp.net/web-pages" target="_blank"&gt;Web Pages&lt;/a&gt;  &lt;li&gt;Server Side: C# (Razor)  &lt;li&gt;Front End: HTML, CSS, JavaScript&lt;/li&gt;&lt;/ul&gt; &lt;h2&gt;Tooling&lt;/h2&gt; &lt;ul&gt; &lt;li&gt;Visual Studio 2013  &lt;li&gt;&lt;a href="https://www.visualstudio.com/en-us/products/what-is-visual-studio-online-vs.aspx" target="_blank"&gt;Visual Studio Online&lt;/a&gt; Version Control Repository (&lt;a href="http://en.wikipedia.org/wiki/Git_%28software%29" target="_blank"&gt;GIT&lt;/a&gt;)  &lt;li&gt;&lt;a href="http://vswebessentials.com/" target="_blank"&gt;Web Essentials&lt;/a&gt; (VS Plugin)  &lt;li&gt;&lt;a href="http://sass-lang.com/" target="_blank"&gt;SASS&lt;/a&gt; (CSS Pre-processor)  &lt;li&gt;&lt;a href="http://gulpjs.com/" target="_blank"&gt;Gulp&lt;/a&gt; (Build Process / Task Runner)  &lt;li&gt;&lt;a href="https://tinyjpg.com/" target="_blank"&gt;TinyJPG&lt;/a&gt; (Image optimisation)&lt;/li&gt;&lt;/ul&gt; &lt;h2&gt;Front End Libraries&lt;/h2&gt; &lt;ul&gt; &lt;li&gt;&lt;a href="https://jquery.com/" target="_blank"&gt;jQuery&lt;/a&gt; (JavaScript)  &lt;li&gt;&lt;a href="https://angularjs.org/" target="_blank"&gt;AngularJS&lt;/a&gt; - for the Admin data entry section (JavaScript)  &lt;li&gt;&lt;a href="http://getbootstrap.com/" target="_blank"&gt;Bootstrap 3&lt;/a&gt; (CSS)  &lt;li&gt;Bootstrap &lt;a href="https://fezvrasta.github.io/bootstrap-material-design/" target="_blank"&gt;Material Design Plugin&lt;/a&gt; (JavaScript / CSS)  &lt;li&gt;Google Maps (JavaScript)  &lt;li&gt;&lt;a href="http://codecanyon.net/item/media-boxes-portfolio-responsive-grid/5683020" target="_blank"&gt;Media Boxes&lt;/a&gt; (JavaScript)  &lt;li&gt;&lt;a href="https://github.com/filamentgroup/loadCSS" target="_blank"&gt;loadCSS&lt;/a&gt; (JavaScript / CSS)  &lt;li&gt;Some IE fall-back libraries&lt;/li&gt;&lt;/ul&gt; &lt;h2&gt;Performance &amp;amp; Architecture On Server&lt;/h2&gt; &lt;ul&gt; &lt;li&gt;Use of &lt;a href="https://github.com/StackExchange/dapper-dot-net" target="_blank"&gt;Dapper ORM&lt;/a&gt; (fastest DotNet ORM)  &lt;li&gt;Creation of an &lt;a href="http://css.dzone.com/news/creating-data-access-layer" target="_blank"&gt;ASP.NET Web Pages DAL&lt;/a&gt; &lt;em&gt;(Data Access Layer)&lt;/em&gt; as inspired by &lt;a href="https://twitter.com/stevelydford" target="_blank"&gt;@stevelydford&lt;/a&gt; blog &lt;a href="http://css.dzone.com/news/creating-data-access-layer" target="_blank"&gt;post&lt;/a&gt;  &lt;li&gt;Extensive use of Database caching  &lt;li&gt;Server side &lt;a href="http://en.wikipedia.org/wiki/Minification_%28programming%29" target="_blank"&gt;Minification&lt;/a&gt; of CSS &amp;amp; JavaScript  &lt;li&gt;Server side &lt;a href="https://normansolutions.co.uk/post/cache-busting-in-c-without-querystrings" target="_blank"&gt;Cache Busting (without querystrings)&lt;/a&gt;  &lt;li&gt;Extensive use of HTTP Static Content caching &amp;amp; expiration headers&lt;/li&gt;&lt;/ul&gt; &lt;h2&gt;Performance &amp;amp; Architecture On Client&lt;/h2&gt; &lt;ul&gt; &lt;li&gt;Use of Gulp to &lt;a href="http://en.wikipedia.org/wiki/Concatenation" target="_blank"&gt;concatenate&lt;/a&gt; CSS &amp;amp; JavaScript  &lt;li&gt;Use of Gulp to &lt;a href="https://www.npmjs.com/package/gulp-autoprefixer" target="_blank"&gt;auto-prefix&lt;/a&gt; CSS  &lt;li&gt;Use of Gulp to strip out unnecessary CSS using &lt;a href="https://www.npmjs.com/package/gulp-uncss" target="_blank"&gt;UNCSS&lt;/a&gt;  &lt;li&gt;Use of &lt;a href="http://diveintohtml5.info/storage.html" target="_blank"&gt;Local Storage&lt;/a&gt; to store a &lt;a href="http://en.wikipedia.org/wiki/JSON" target="_blank"&gt;JSON&lt;/a&gt; object for all mapping data  &lt;li&gt;Use of sprites, reducing all map markers down to a single image  &lt;li&gt;Use of &lt;a href="http://en.wikipedia.org/wiki/Lazy_loading" target="_blank"&gt;Lazy Loading&lt;/a&gt; for gallery images  &lt;li&gt;Gallery images served from a different domain, to take advantage of &lt;a href="http://sgdev-blog.blogspot.sg/2014/01/maximum-concurrent-connection-to-same.html" target="_blank"&gt;browser parallelism&lt;/a&gt;  &lt;li&gt;Use of &lt;a href="https://github.com/filamentgroup/loadCSS" target="_blank"&gt;loadCSS&lt;/a&gt; to enable the loading of CSS asynchronously  &lt;li&gt;Implemented "&lt;a href="https://css-tricks.com/authoring-critical-fold-css/" target="_blank"&gt;Critical CSS – Above The Fold&lt;/a&gt;" to ensure fast styling on first page load  &lt;li&gt;Use of JavaScript injected &lt;a href="https://docs.google.com/presentation/d/18zlAdKAxnc51y_kj-6sWLmnjl6TLnaru_WH0LJTjP-o/present?slide=id.p19" target="_blank"&gt;Preload / Prerender&lt;/a&gt; to ensure faster access to a predicted "next" page&lt;/li&gt;&lt;/ul&gt;</content>
  <ispublished>true</ispublished>
  <categories>
    <category>Website</category>
    <category>DevOps</category>
    <category>Caching</category>
    <category>CSS</category>
    <category>JavaScript</category>
  </categories>
  <comments></comments>
</post>