﻿<?xml version="1.0" encoding="utf-8"?>
<post>
  <title>Using PowerShell to check all pages in a website</title>
  <slug>using-powershell-to-check-all-pages-in-website</slug>
  <author></author>
  <pubDate>2013-12-14 08:49:20</pubDate>
  <lastModified>2013-12-14 08:49:20</lastModified>
  <content>&lt;p&gt;Recently &lt;a href="http://www.st-marys-shaftesbury.co.uk/"&gt;St Mary’s Shaftesbury&lt;/a&gt; had a new website built (&lt;em&gt;I would like to register, that whilst I was actively involved in the project management, I did not design this website)&lt;/em&gt;.&lt;/p&gt;&lt;p&gt;&lt;a href="http://www.st-marys-shaftesbury.co.uk/"&gt;&lt;img title="School" border="0" alt="School" src="https://normansolutions.co.uk/posts/files/8335bce4-827b-40ca-a1f0-8ee1679236ae.jpg" width="240" height="178"&gt;&lt;/a&gt;  &lt;p&gt;In truth this has been a pretty enormous, and sometimes quite arduous task, which I shan’t digress into with this blog post.&amp;nbsp; However, part of the process was transferring content from the previous website to the new one, in a systematic and controlled manner.  &lt;p&gt;For the best part this worked very well, but it was soon discovered that there were some “odd” pieces of code appearing on certain pages; even more confusing, this code only appeared on certain computers.  &lt;p&gt;The bottom line was, that as part of the process to transfer content, the dreaded “&lt;em&gt;copy and paste&lt;/em&gt;” had been used without sanitising the text &lt;em&gt;(e.g. removing hidden formatting etc).&lt;/em&gt;&amp;nbsp; Even stranger, this code only manifest itself when using ie8 – other browsers were happy to ignore it; hence the claim that it was only displaying on some computers.  &lt;p&gt;So, the mystery of the rogue code resolved, the next task was to establish how to check every page on the website, using the appropriate browser.&amp;nbsp; Yes, we could sit a bored techie down to go through every page, or we could try and be clever with some PowerShell scripting.  &lt;p&gt;A bit of Googling later, the below script was written.&amp;nbsp; It was actually a relatively simple process, for what is now a very effective tool.&amp;nbsp; In short, I knew that we had a sitemap&lt;em&gt; (well, of sorts – unfortunately it wasn’t a traditional &lt;/em&gt;&lt;a href="http://en.wikipedia.org/wiki/Sitemaps"&gt;&lt;em&gt;sitemap.xml&lt;/em&gt;&lt;/a&gt;&lt;em&gt;, which would have made life a lot easier!)&lt;/em&gt; – but it was at least a sitemap.  &lt;p&gt;Using the PowerShell 3 &lt;a href="http://technet.microsoft.com/en-us/library/hh849901.aspx"&gt;Invoke-WebRequest&lt;/a&gt; method to get the sitemap, the script then grabs appropriate href links from elements belonging to those meeting a specific css class (in this instance “rmLink”).&amp;nbsp; This is now technically a list of all pages in the website.  &lt;p&gt;All that is now left to do, is to enumerate through each webpage (searching the html) looking for the “suspect” code, and to display the page url if and when found!&lt;/p&gt; &lt;p&gt;&lt;script gitsrc="https://gist.github.com/normansolutions/8299854.js"&gt;&lt;/script&gt;&lt;noscript&gt;&lt;a href="https://gist.github.com/normansolutions/8299854" target="_blank"&gt;Click for code snippet&lt;/a&gt;&lt;/noscript&gt; &lt;/p&gt; &lt;p&gt;We did indeed locate three pages, that had this rogue code present &lt;em&gt;(so it was worth the investment in time creating the script)&lt;/em&gt;.&amp;nbsp; We also now have a pretty neat tool for checking webpages in the future! </content>
  <ispublished>true</ispublished>
  <categories>
    <category>Website</category>
    <category>PowerShell</category>
    <category>Script</category>
    <category>SysAdmin</category>
    <category>DevOps</category>
  </categories>
  <comments></comments>
</post>