﻿<?xml version="1.0" encoding="utf-8"?>
<post>
  <title>Security should be a first class citizen</title>
  <slug>security-should-be-a-first-class-citizen</slug>
  <author></author>
  <pubDate>2016-11-29 16:32:17</pubDate>
  <lastModified>2016-11-29 16:32:17</lastModified>
  <content>&lt;p&gt;Let’s face it, information security is &lt;strong&gt;important&lt;/strong&gt;.&amp;nbsp; With more and more data being stored and accessed via the internet, we are becoming increasingly reliant on “third parties” to secure our personal data responsibly.&amp;nbsp; So how is it that we are seeing so many data breaches and poor practices?&lt;/p&gt; &lt;p&gt;Be under no illusion, this is a difficult topic to cover in a brief blog post, as the subject extends across many surfaces of both technical and behavioral patterns.&lt;/p&gt; &lt;blockquote&gt; &lt;p&gt;This post is &lt;strong&gt;not&lt;/strong&gt; designed to lambast end user behavior; it’s primarily concerned with some IT suppliers attitude to security.&lt;/p&gt;&lt;/blockquote&gt; &lt;p&gt;Information security is a very generic term.&amp;nbsp; It can cover anything from encryption of data &lt;em&gt;(both at rest and in transit)&lt;/em&gt; through to unintended exposure to browser bugs.&lt;/p&gt; &lt;h1&gt;&lt;/h1&gt; &lt;h2&gt;The list is long&lt;/h2&gt; &lt;p&gt;With so many potential attack vectors available, it’s not exactly surprising that the IT industry sometimes get’s it wrong.&amp;nbsp; However, “getting it wrong” isn’t &lt;em&gt;always&lt;/em&gt; the issue.&amp;nbsp; Indeed in many walks of life, people get things wrong, but with considered, responsible and honest action, damage can be significantly mitigated.&lt;/p&gt; &lt;p&gt;As I see it, more often than not, the problem can be the attitude&lt;em&gt; (or even just plain naivety),&lt;/em&gt; of some software vendors when it comes to dealing with security.&amp;nbsp; Working primarily in the education sector, I am astonished at just how many websites &lt;em&gt;(evangelized as being for education)&lt;/em&gt; have data capture processes and even &lt;u&gt;logon screens&lt;/u&gt; that are not hosted on secure webpages &lt;em&gt;(not HTTPS).&lt;/em&gt;&amp;nbsp; I have in the past three months alone felt impelled to advise three companies about this very fact.&amp;nbsp; To be fair, all but one of them, were exceptionally thankful for the information and promised to rectify the issue.&lt;/p&gt; &lt;p&gt;I was pleased to read that from January 2017, the &lt;a href="https://medium.servertastic.com/chrome-plans-to-start-highlighting-not-secure-websites-2babf35b46e6#.4eplxevw0" target="_blank"&gt;Google Chrome browser plans to start highlighting Not Secure websites&lt;/a&gt; – people shall soon be greeted with the below warning when visiting such sites.&lt;/p&gt; &lt;p&gt;&lt;a href="https://normansolutions.co.uk/posts/files/3d488715-8503-44db-9883-2dc416a037cd.png"&gt;&lt;img title="Chrome" style="border-top: 0px; border-right: 0px; background-image: none; border-bottom: 0px; padding-top: 0px; padding-left: 0px; border-left: 0px; display: inline; padding-right: 0px" border="0" alt="Chrome" src="https://normansolutions.co.uk/posts/files/14daf412-3583-4021-aab1-a20f7434b2e2.png" width="416" height="272"&gt;&lt;/a&gt;&lt;/p&gt; &lt;p&gt;Nowadays, with free certificates available from organizations such as &lt;a href="https://letsencrypt.org/" target="_blank"&gt;Let’s Encrypt&lt;/a&gt;, there really isn’t any reason not to secure webpages transmitting personal data.&lt;/p&gt; &lt;h2&gt;Even more alarming!&lt;/h2&gt; &lt;p&gt;Another very recent incident, which was &lt;strong&gt;extremely&lt;/strong&gt; alarming, pertained to the use of a secure &lt;a href="https://en.wikipedia.org/wiki/Virtual_private_network" target="_blank"&gt;VPN&lt;/a&gt; to a very large medical institution &lt;em&gt;(I shan’t divulge the specific institution, but suffice to say, they’re big in health in the UK &lt;img class="wlEmoticon wlEmoticon-smile" style="border-top-style: none; border-left-style: none; border-bottom-style: none; border-right-style: none" alt="Smile" src="https://normansolutions.co.uk/posts/files/afe99a6f-ea99-4be0-8e71-d3c28930508e.png"&gt;). &lt;/em&gt;&lt;/p&gt; &lt;p&gt;We noticed that a certificate on the site which was used as part of the the initial VPN connection process, had expired!&amp;nbsp; If this wasn’t worrying enough, when we raised the query, the response from the 1st Line Support desk was to “ignore” the certificate warning and just click continue.&amp;nbsp; &lt;strong&gt;Suffice to say, we didn’t&lt;/strong&gt;.&lt;/p&gt; &lt;p&gt;In my opinion, this exposed a clear lack of understanding in the importance of using valid certificates.&amp;nbsp; To be fair once contact was made with 3rd Line Support, the issue was rectified and they were equally appalled at the recommendation to just click “continue”.&lt;/p&gt; &lt;p&gt;However, the point remains that this is a major institution, dealing with potentially sensitive personal data, frequently making claims about the need for good security, and yet the recommendation from 1st Line Support was to click continue on an invalid certificate warning.&amp;nbsp; Need I say more.&lt;/p&gt; &lt;h2&gt;&lt;/h2&gt; &lt;h2&gt;Anyone can do it&lt;/h2&gt; &lt;p&gt;One of the primary issues as I see it, is that anybody can set themselves up as a software vendor.&amp;nbsp; A quick tutorial on the internet and away you go; &lt;a href="https://en.wikipedia.org/wiki/SQL_injection" target="_blank"&gt;SQL Injection&lt;/a&gt; exposure included for free!&lt;/p&gt; &lt;p&gt;To be honest, I’m not entirely sure what the best solution is.&amp;nbsp; I don’t think that academic qualification is necessarily the answer; in truth, most IT qualifications quickly become outdated anyway.&amp;nbsp; It’s also worth noting that I don’t have a dedicated academic qualification in internet security, yet through sheer passion, avid podcast listening, blogpost reading and attendance of seminars, I would claim to have a solid knowledge and understanding in this arena.&lt;/p&gt; &lt;p&gt;Whatever the future holds, I for one, firmly believe that security needs to be taken seriously.&amp;nbsp; Products &lt;em&gt;(both old and new)&lt;/em&gt; need investment, so they’re not subject to common attack vectors &lt;em&gt;(ahem…TalkTalk).&lt;/em&gt;&lt;/p&gt; &lt;p&gt;In addition, IT practices need to be better focused, in order that they don’t unnecessarily expose backdoors &lt;em&gt;(be it &lt;/em&gt;&lt;a href="https://www.troyhunt.com/the-capgemini-leak-of-michael-page-data-via-publicly-facing-database-backup/" target="_blank"&gt;&lt;em&gt;database backups held on web facing servers&lt;/em&gt;&lt;/a&gt;&lt;em&gt; or just poor password management).&lt;/em&gt;&lt;/p&gt; &lt;hr&gt;  &lt;h2&gt;Useful links&lt;/h2&gt; &lt;ul&gt; &lt;li&gt;&lt;a href="https://www.troyhunt.com/" target="_blank"&gt;Troy Hunt Blog&lt;/a&gt;  &lt;li&gt;&lt;a href="http://risky.biz/" target="_blank"&gt;Risky Business Podcast&lt;/a&gt;  &lt;li&gt;&lt;a href="https://www.youtube.com/watch?v=9inczw6qtpY" target="_blank"&gt;Excellent Video Explaining CRSF&lt;/a&gt;  &lt;li&gt;&lt;a href="https://haveibeenpwned.com/" target="_blank"&gt;Have I Been Pwned Website&lt;/a&gt;  &lt;li&gt;&lt;a href="http://keepass.info/" target="_blank"&gt;KeePass Password Safe&lt;/a&gt;  &lt;li&gt;&lt;a href="https://www.owasp.org/index.php/Top_10_2013-Top_10" target="_blank"&gt;OWASP Top Ten&lt;/a&gt;&lt;/li&gt;&lt;/ul&gt; </content>
  <ispublished>true</ispublished>
  <categories>
    <category>Security</category>
    <category>DevOps</category>
    <category>SysAdmin</category>
    <category>Rambling</category>
  </categories>
  <comments></comments>
</post>