﻿<?xml version="1.0" encoding="utf-8"?>
<post>
  <title>Bin the portfolio and blog instead!</title>
  <slug>bin-the-portfolio-and-blog-instead</slug>
  <author></author>
  <pubDate>2013-12-16 00:00:00</pubDate>
  <lastModified>2014-03-18 10:31:43</lastModified>
  <content>&lt;p&gt;Frankly, I love IT, and web development in particular.&amp;nbsp; I also happen to be &lt;em&gt;exceptionally&lt;/em&gt; fortunate to work as an ICT Systems Manager, for a wonderful employer &lt;em&gt;(&lt;/em&gt;&lt;a href="http://www.st-marys-shaftesbury.co.uk" target="_blank"&gt;&lt;em&gt;St Mary's Shaftesbury&lt;/em&gt;&lt;/a&gt;&lt;em&gt;) &lt;/em&gt;with a great boss &lt;em&gt;(&lt;/em&gt;&lt;a href="https://twitter.com/pearcejim" target="_blank"&gt;&lt;em&gt;@pearcejim&lt;/em&gt;&lt;/a&gt;&lt;em&gt;)&lt;/em&gt; alongside excellent, appreciative colleagues – the surrounding environment, is also quite heavenly – trust me, it beats working on an industrial estate, just take a look! &lt;/p&gt; &lt;p&gt;&lt;a href="https://normansolutions.co.uk/posts/files/c320c9e8-0798-4b47-8a47-7dc138deda4e.jpg"&gt;&lt;img title="STM" style="border-top: 0px; border-right: 0px; background-image: none; border-bottom: 0px; padding-top: 0px; padding-left: 0px; border-left: 0px; display: inline; padding-right: 0px" border="0" alt="STM" src="https://normansolutions.co.uk/posts/files/af20f451-b4b8-42d6-b8a6-c594bc4cebb2.jpg" width="340" height="158"&gt;&lt;/a&gt;&lt;/p&gt; &lt;hr&gt;  &lt;p&gt;Ok, creep points out of the way – this is my angle.&lt;/p&gt; &lt;p&gt;I often work on challenging, mainly in-house, non-public facing projects, which is great.&amp;nbsp; However, this does mean that a lot of the work I do, is not seen in the same way as a conventional web developer, who may be knocking out websites by the month.&amp;nbsp; When I do have the opportunity to create websites for a public audience, it’s nice, but this can be infrequent.&amp;nbsp; Therein, lies the problem.&lt;/p&gt; &lt;p&gt;&lt;strong&gt;Web Design/IT - both in terms of technologies and accepted practices &amp;amp; styles &lt;em&gt;- &lt;/em&gt;evolves at a ridiculously fast pace &lt;em&gt;(helped by &lt;/em&gt;&lt;/strong&gt;&lt;a href="http://en.wikipedia.org/wiki/Moore's_law" target="_blank"&gt;&lt;em&gt;&lt;strong&gt;Moore's Law and all that!&lt;/strong&gt;&lt;/em&gt;&lt;/a&gt;&lt;em&gt;&lt;strong&gt;)&lt;/strong&gt;&lt;/em&gt;&lt;/p&gt; &lt;p&gt;&lt;a href="https://normansolutions.co.uk/posts/files/29744447-3e6e-4db1-aa3e-0fad50325409.png"&gt;&lt;img title="evolution" style="border-top: 0px; border-right: 0px; background-image: none; border-bottom: 0px; padding-top: 0px; padding-left: 0px; border-left: 0px; display: inline; padding-right: 0px" border="0" alt="evolution" src="https://normansolutions.co.uk/posts/files/1d62d885-3155-42e9-8d6c-296a9ffd2547.png" width="244" height="99"&gt;&lt;/a&gt;&lt;/p&gt; &lt;p&gt;It’s quite strange how you can go from feeling really proud of a website that you have created, to a feeling of near ‘embarrassment’ within a pretty darn short period of time.&amp;nbsp; It’s fine if you are pushing out a new public portfolio every month, however, if not, then it can present a problem!&lt;/p&gt; &lt;p&gt;Being an avid listener of several major IT focussed, discussion podcasts, I noticed there was a consistent message emanating from then all – &lt;strong&gt;talk about what you do&lt;/strong&gt;.&amp;nbsp; Not only could this potentially help others, but could also communicate more effectively to clients and colleagues, exactly what you do, how you approach different problems, and your thinking; much better than just having a pretty list of websites.&lt;/p&gt; &lt;p&gt;So, that’s why I decided to “bin the portfolio and blog instead” &lt;img class="wlEmoticon wlEmoticon-smile" style="border-top-style: none; border-bottom-style: none; border-right-style: none; border-left-style: none" alt="Smile" src="https://normansolutions.co.uk/posts/files/b47ef52d-6a1d-4892-9d83-4fca7e104b81.png"&gt;&lt;/p&gt;</content>
  <ispublished>true</ispublished>
  <categories>
    <category>Website</category>
    <category>Blog</category>
  </categories>
  <comments></comments>
</post>