﻿<?xml version="1.0" encoding="utf-8"?>
<post>
  <title>Honeypots to catch prying eyes!</title>
  <slug>honeypots-to-catch-prying-eyes</slug>
  <author></author>
  <pubDate>2016-06-06 18:47:51</pubDate>
  <lastModified>2016-06-06 18:47:51</lastModified>
  <content>&lt;p&gt;As I have mentioned in previous &lt;a href="https://normansolutions.co.uk/post/welcome-to-podcast-university" target="_blank"&gt;blog posts&lt;/a&gt;, I regularly listen to numerous technical podcasts.&amp;nbsp; A relatively new edition to my listening collection is the information security podcast &lt;a href="http://risky.biz/netcasts/risky-business" target="_blank"&gt;Risky Business&lt;/a&gt; – it’s great!&lt;/p&gt; &lt;p&gt;On a recent episode, the company &lt;a href="http://thinkst.com/" target="_blank"&gt;thinkst&lt;/a&gt;, were discussing a project they have been working on, to do with &lt;a href="https://en.wikipedia.org/wiki/Honeypot_(computing)" target="_blank"&gt;Honeypots&lt;/a&gt;.&lt;/p&gt; &lt;blockquote&gt; &lt;p&gt;&lt;font color="#404040"&gt;Not only are these Honeypots an extremely funky security layer, they are also free (at the time of posting).&lt;/font&gt;&lt;/p&gt;&lt;/blockquote&gt; &lt;h2&gt;&lt;/h2&gt; &lt;h2&gt;Ok….What are these Honeypot things?&lt;/h2&gt; &lt;p&gt;Put simply, they are conventional documents or folders that you ‘sprinkle’ around your system &lt;em&gt;(local or Cloud based) – &lt;/em&gt;ideally naming them with rather tempting titles like &lt;strong&gt;Passwords.docx&lt;/strong&gt; or &lt;strong&gt;Bank Details.pdf,&lt;/strong&gt;&amp;nbsp; and if anyone opens them, you receive an email alert.&amp;nbsp; A good old fashioned Honeypot.&lt;/p&gt; &lt;p&gt;What’s ever better, is that these are so &lt;em&gt;ridiculously&lt;/em&gt; easy to set up, there is really no reason not to do it!&lt;/p&gt; &lt;hr&gt;  &lt;h2&gt;The process&lt;/h2&gt; &lt;p&gt;Firstly, it’s worth mentioning that there are several variants to these Honeypots – you can even have them configured to check whether certain SQL scripts have been run on your database or whether your website has been cloned.&amp;nbsp; However, for this blog post, I am just going to explain the most basic option – downloading a Word document &lt;em&gt;(or pdf)&lt;/em&gt;&amp;nbsp; and saving it onto your system.&lt;/p&gt; &lt;p&gt;&lt;em&gt;One piece of advice, that caught me out initially, is you must remember to create a &lt;strong&gt;separate&lt;/strong&gt; Honeypot token for each deployment.&amp;nbsp; It’s not that you can’t use the same token in more than one location – you certainly can, the problem is that when the token is activated, you don’t know where it was activated from – &lt;strong&gt;so remember, use one token for each location!&lt;/strong&gt;&lt;/em&gt;&lt;/p&gt; &lt;ul&gt; &lt;li&gt;Visit &lt;a title="http://canarytokens.org/generate" href="http://canarytokens.org/generate" target="_blank"&gt;&lt;strong&gt;http://canarytokens.org/generate&lt;/strong&gt;&lt;/a&gt;  &lt;li&gt;Enter your email address and a comment as to where this token is to be used &lt;em&gt;(e.g. Dropbox Security Alert).&lt;/em&gt;&lt;/li&gt;&lt;/ul&gt; &lt;p&gt;&lt;a href="https://normansolutions.co.uk/posts/files/dfca9339-5519-44c9-aedc-6d1dcccc4059.png"&gt;&lt;img title="Canary2" style="border-top: 0px; border-right: 0px; background-image: none; border-bottom: 0px; padding-top: 0px; padding-left: 0px; border-left: 0px; margin: 0px 0px 0px 32px; display: inline; padding-right: 0px" border="0" alt="Canary2" src="https://normansolutions.co.uk/posts/files/d0387578-87d8-424c-95e1-0ae4089bddf1.png" width="423" height="214"&gt;&lt;/a&gt;&lt;/p&gt; &lt;ul&gt; &lt;li&gt;Ensure you select the DNS/HTTP option &lt;em&gt;(the default).&lt;/em&gt;  &lt;li&gt;Click on &lt;strong&gt;Generate Token&lt;/strong&gt; - you now have a “live” Canarytoken &lt;em&gt;(Honeypot).&lt;/em&gt;&lt;/li&gt;&lt;/ul&gt; &lt;p&gt;&lt;a href="https://normansolutions.co.uk/posts/files/e5c8d253-308a-4f5e-a383-914bf5c204b3.png"&gt;&lt;img title="Canary3" style="border-top: 0px; border-right: 0px; background-image: none; border-bottom: 0px; padding-top: 0px; padding-left: 0px; border-left: 0px; margin: 0px 0px 0px 32px; display: inline; padding-right: 0px" border="0" alt="Canary3" src="https://normansolutions.co.uk/posts/files/624a8eaa-5e08-41dc-9dd9-d656a0453e02.png" width="423" height="329"&gt;&lt;/a&gt;&lt;/p&gt; &lt;ul&gt; &lt;li&gt;Click on the MS Word option and select “click here” to download the Word file.&lt;/li&gt;&lt;/ul&gt; &lt;p&gt;&lt;a href="https://normansolutions.co.uk/posts/files/f48a4c68-c7f4-43c6-b99a-d25a6bc8a978.png"&gt;&lt;img title="Canary4" style="border-top: 0px; border-right: 0px; background-image: none; border-bottom: 0px; padding-top: 0px; padding-left: 0px; border-left: 0px; margin: 0px 0px 0px 32px; display: inline; padding-right: 0px" border="0" alt="Canary4" src="https://normansolutions.co.uk/posts/files/84b6021c-da7a-48b2-8e4a-49ab4a604bfa.png" width="422" height="88"&gt;&lt;/a&gt;&lt;/p&gt; &lt;ul&gt; &lt;li&gt;When you have downloaded the Word document, just rename it to something tempting (e.g. &lt;strong&gt;Passwords&lt;/strong&gt;).  &lt;li&gt;Now save this document anywhere you like – my suggestion would be into the root of your cloud service (OneDrive, Dropbox etc).  &lt;li&gt;&lt;strong&gt;That’s it, job done&lt;/strong&gt; - if anyone opens this document, you will be notified by email, which also includes additional information such as the users IP address, access time etc.&lt;/li&gt;&lt;/ul&gt; &lt;blockquote&gt; &lt;p&gt;You will note from the Canarytokens webpage, that you can also download a pdf document.&lt;/p&gt;&lt;/blockquote&gt; &lt;p&gt;Another extremely useful option is &lt;strong&gt;Windows Directory Browsing&lt;/strong&gt; – this works in the same manner as the above process, except you download a zipped folder.&amp;nbsp; You&amp;nbsp; unzip the folder and rename it accordingly (e.g. &lt;strong&gt;Payroll&lt;/strong&gt; etc) and whenever anyone &lt;strong&gt;browses&lt;/strong&gt; that directory, an alert is fired.&amp;nbsp; You can also store real documents within the folder should you choose, although you need to be mindful that you will receive an alert each and every time you access it!&lt;/p&gt; &lt;p&gt;&lt;a href="https://normansolutions.co.uk/posts/files/c149288c-97e3-4169-8dee-6ef78cd87c94.png"&gt;&lt;img title="Canary5" style="border-top: 0px; border-right: 0px; background-image: none; border-bottom: 0px; padding-top: 0px; padding-left: 0px; border-left: 0px; display: inline; padding-right: 0px" border="0" alt="Canary5" src="https://normansolutions.co.uk/posts/files/d7d66650-e04e-4e87-95e9-167e5e420d9a.png" width="500" height="149"&gt;&lt;/a&gt;&lt;/p&gt; &lt;p&gt;&lt;em&gt;You can even upload an executable, have it signed by the company, and then re-download.&amp;nbsp; This could be useful if you have a bespoke program, where you wish to receive an alert whenever someone runs it?&amp;nbsp; Of course you do have to trust their signing process!&lt;/em&gt;&lt;/p&gt; &lt;hr&gt;  &lt;h2&gt;&lt;/h2&gt; &lt;h2&gt;In summary&lt;/h2&gt; &lt;p&gt;From my brief testing of these Honeypots, it’s worth noting that they only seem to be activated when accessed via a conventional Windows environment – they don’t appear to “fire” when being accessed from a webpage view – which to be fair, makes sense.&lt;/p&gt; &lt;p&gt;With more and more data becoming remotely accessible &lt;em&gt;(be it Cloud or RDP etc), &lt;/em&gt;then this is a wonderful tool to have in your arsenal.&amp;nbsp; It’s not a silver bullet, but it is a layer of security well worth checking out – and it’s free!&lt;/p&gt;</content>
  <ispublished>true</ispublished>
  <categories>
    <category>Security</category>
    <category>SysAdmin</category>
    <category>QuickTip</category>
  </categories>
  <comments></comments>
</post>